"","V1","V2","V3","V4","V5","V6","V7","V8","V9","V10","V11","V12","V13","V14","V15","V16","V17","V18","V19","V20","V21","V22","V23","V24","V25","V26","V27","V28","V29","V30","V31","V32","V33","V34","V35","V36","V37","V38","V39","V40","V41","V42","V43","V44","V45","V46","V47","V48","V49","V50","V51","V52","V53","V54","V55","V56","V57","V58","V59","V60","V61","V62","V63","V64","V65","V66","V67","V68","V69","V70","V71","V72","V73","V74","V75","V76","V77","V78","V79","V80","V81","V82","V83","V84","V85","V86","V87","V88","V89","V90","V91","V92","V93","V94","V95","V96","V97","V98","V99","V100"
"Zeb1",-0.884456545727337,0.641797974300497,1.99426197937391,0.771548173082226,-0.881801800200665,-0.884824952834905,-0.885482134567355,0.293952275822278,-0.885560237616654,1.6266235008657,1.58152006479772,-0.82740560315796,-0.885553017144196,-0.874096182573766,-0.885560418359077,-0.881135076943989,0.0728218683023948,1.99826594959131,1.42953928803408,0.235546131074331,-0.868422048777586,0.171033699287697,0.929724321939858,0.884138748486329,-0.8830306985247,-0.885169439425251,1.65450004562114,-0.824759233193555,0.845736967851023,-0.884818713604118,1.22483951930129,0.685010274791386,-0.878527464160105,0.562475311956493,-0.0442957381918735,-0.88555845714774,-0.797859533056559,-0.885382907075228,-0.885374928397907,-0.881031727657128,-0.884487694243696,-0.201703143299071,1.62099897627362,0.890663609845676,1.65035388071223,-0.882419702329111,-0.884908824020801,-0.885179195746425,1.77525138706695,0.479858571587374,-0.885228680216549,-0.882490594691292,-0.86249097893301,-0.8791749158409,1.4183346542714,1.52874674907543,0.799751492451665,-0.874772770836246,-0.883725438014715,1.3317523811712,-0.448505271398927,-0.78905234811611,-0.836384528304897,-0.865812744277937,-0.866194346705532,-0.884754065407853,-0.428804874811792,-0.87018819330586,-0.88554420879043,0.857476046658304,0.541810403434315,0.664927643874283,-0.88473326753091,1.31923714383115,-0.764278478720065,1.46622277908676,0.360146684577809,-0.857765348245285,-0.871253577695007,-0.109269951342159,1.11630546483918,-0.87780527155001,1.6017455805326,1.33510929337095,1.40257354202086,-0.852066178521578,0.457550702705876,-0.0112297143585064,1.69170146549745,-0.882097732768146,0.847380259808492,0.582532716152946,-0.882675835810952,1.20570619125937,-0.872539142311546,-0.879141279303543,-0.885119496016323,-0.875063970302825,1.09989636395531,-0.882401456435214
"Snai1",-0.0241787331156888,-0.0611071716330683,0.932287018105931,0.319154992016177,-1.2338309262439,-1.6921650270519,-1.43223484367567,-0.0307498234018377,-1.71842957795008,0.673010897300287,1.70172112925551,0.60813831544719,-1.56026238791759,-0.79531220066387,-1.56690190944713,0.0534951564668436,-0.162765508028033,1.18850477675887,0.929508365873037,0.735222101997965,0.741873311791673,0.367525690927007,1.08226106549112,-0.122698754500963,-1.07907974310604,-1.81292652611694,0.910060463544647,0.441789821242828,0.922858915541134,-1.75094753054835,0.106963217121918,0.531071623804486,1.12405016849997,0.519352895525962,-0.176158873512903,-0.432109733407009,-0.202541117968674,-1.58079610962828,-1.67571131250656,-1.16507804061479,-1.69479186734788,-0.659554523611805,0.688140008369111,0.603915630762881,0.403961640665478,1.72495590774636,-1.50059907658792,-0.211439733907663,0.717870879301202,0.102705571236353,-1.68816496384323,-1.78926195508649,0.88005550667069,0.291563796923472,0.499404409968499,0.811262986147292,-1.18105923498577,-0.715246640609266,-0.787069607833974,0.548575779162198,-0.0179977568817179,0.610404842663279,-1.09918661306784,1.07301095580822,-1.1950302642802,-0.635021482101432,-0.922677928509692,1.22867222814253,-1.30094333754142,0.725190173576836,-1.38062556293511,1.56415804130255,-1.28343166765377,0.954593515231879,-0.355189845289353,0.451969533636509,0.246182222814231,0.335978457732909,0.683041001793993,1.06632562307509,0.971820379034139,0.260986077904735,0.407623412552833,0.180252306025853,0.324675189028169,2.1762285411696,0.731254690967353,1.50866496772953,0.841317503071591,0.649633323090152,0.795140999283433,-0.316949647589411,-1.16927396036097,1.02215275880187,-0.399159673944347,0.196864966122064,-1.52658324645848,0.296891000766442,1.32946191184848,0.311487774626632
"Twist1",-0.59858222659843,-0.902597765133656,1.15230958701827,0.865886958165037,-0.414308114715877,-1.46902212343177,-1.55869616958935,-0.286202972848117,-1.58349601211863,0.817957939271574,1.36264441823062,0.495750486592218,-1.3793668665524,-0.828775709745326,-0.72949143701669,0.896256831742863,0.125665356828136,0.317279555230508,0.851669065465798,-0.270371846089979,0.622617967878309,0.013357336854403,0.467357152792936,1.32760940857925,-1.25898350356567,-1.46925988330168,0.729742236510786,0.649323307930833,0.180269747883642,-1.6420317048044,0.10110735640176,0.847494162223229,0.772276054098161,1.10199097662401,0.162106136419353,-0.718438428056883,0.638576441724513,-1.40863981759647,-1.49311067945074,0.350597192901329,-1.66729905565781,-0.834185389113023,0.653168936843355,0.791129842373735,0.795825989217221,2.00243426020386,-1.44967114892357,-0.720776637428523,-0.466029386843309,-0.160019074953671,-1.44770985209787,-1.17162298323694,0.581393439048484,1.29473011828474,0.819868677337436,0.965185776533474,-1.75587947747952,-0.787779265710999,-1.77775039884354,0.658363402341758,-1.00999919779089,1.40288494995862,-0.810387160592065,-0.00877951197308943,-1.72576037520476,-0.76917182013712,-0.771502513304278,0.735098480384385,-1.26430741057491,-0.0409684925597067,-1.10106815131267,1.31317891924153,-1.36676107895046,0.96552366419939,-0.59818380085216,0.81787113324461,-0.0509079858489428,0.950432316649122,0.858293651864238,0.466190962925402,1.24716107617662,0.473118510892974,1.59197562411804,1.0239493095138,0.527776796371106,0.72084736171485,0.696394610229117,1.15556832536254,1.14471968325297,-0.505323308191765,0.362065351414568,1.54328745698199,-1.41531495967748,0.610197369112828,-0.781138437719545,0.424019875458739,-1.30320937686208,-0.0585593982589824,0.318181211050847,1.07075815104585
"Grhl2",1.76497387928543,-0.58252789571479,-0.58327841606293,-0.583251945256426,-0.535844420097905,-0.579614831659136,1.77488562861742,-0.583228072262183,1.90782474572032,-0.583280659911943,-0.582944615348331,-0.547761587607171,2.07586522653149,-0.583077690276262,1.31378868484705,0.359014086505486,-0.58272847340288,-0.581954955174497,-0.582384147738608,-0.582947509962879,1.55229776941275,-0.583209622753557,-0.582032784148252,-0.583112140589656,-0.581397117278818,2.71106711824913,-0.583162166785579,1.48404395641918,-0.583264804676022,-0.581932543394322,-0.58325011685084,-0.583132727695311,0.889111763465059,-0.581654831859772,-0.581805061319344,2.44693151790589,-0.581465150636716,1.15672150434467,-0.582872007440966,2.14416053664068,-0.583083448215349,-0.583210257952955,-0.582557725014144,-0.582170900824674,-0.583208244240121,2.08883535988223,1.66710553643965,-0.583253842552859,-0.583273551162185,-0.582987375072549,-0.582668088447639,-0.580741432770912,-0.138568101604576,1.60110852342483,-0.583279139062318,-0.580759897650684,-0.583237380989522,-0.16539174935948,-0.582667799373175,-0.583280102111511,-0.583023302471824,-0.581831733134941,-0.510660069383704,1.43405924043876,-0.582885982877716,1.69833784559062,-0.58298648797498,-0.566772457711019,-0.583024771690148,-0.583102794657331,-0.583206228804308,-0.582998825913564,-0.583115254610957,-0.583280782713427,-0.583237403634574,-0.583276151903808,-0.583274194829612,2.01255721222452,1.71909193159895,0.600605979963076,-0.583243164310004,1.81733443888477,-0.583278010589173,-0.581189849519804,-0.583258986419207,-0.578585355414628,-0.583250135283346,1.0275695928381,-0.583248256440693,-0.49280082065345,-0.582804940313405,-0.583071944137296,-0.583037764162646,-0.582359601525254,-0.581623495647291,1.22858168077167,-0.582224831795445,1.67871506616959,-0.575734121315914,1.83325422597791
"Trp63",1.25701892629582,-0.606155905178932,-0.606044087830756,-0.606037326137569,-0.57712540174161,-0.606156500711057,1.80994552493474,-0.600737886078682,1.41767204158831,-0.60607526780509,-0.606115198004903,1.13485787671725,1.65159906298471,-0.60614157051278,1.81439797074734,-0.597464624125606,-0.606152306055047,-0.605870989595168,-0.605996800540748,-0.605604682413626,1.14360599708284,-0.602773320283095,-0.606139355542608,-0.605116428551799,-0.606149901911975,2.05560173181709,-0.606137296006831,1.78463260692543,-0.605922034719414,-0.606041620908869,-0.606057982981696,-0.606154891035206,1.42371582124661,-0.605872177810085,-0.606106492339308,1.88015413197654,-0.606109461785392,2.51503306157124,-0.606157288479754,1.03866761542759,-0.60613243499859,-0.606148758377629,-0.606114322323282,-0.60614317496895,-0.606158437591479,1.44668617323455,1.32515581527613,-0.606033299717368,-0.606156116936645,-0.606144385510093,-0.606151799167455,-0.603785582156515,-0.606134688825736,1.71849626810044,-0.60602173106363,-0.260689729251776,-0.606157005027459,-0.606104906469213,-0.604634516228665,-0.606045296026596,-0.606072480397041,-0.606156072591983,-0.606133602743192,1.18604112862479,-0.606029444605919,1.47294410423016,-0.606152422892888,-0.604695910229791,-0.606153004271096,-0.606098079998531,-0.606146177463184,-0.606157238159403,-0.60263303594481,-0.606156101421789,-0.605958332826621,-0.606156494951425,-0.606114387348539,1.58691531439487,1.68672563377867,1.70717570922899,-0.606152767851431,2.45651220242844,-0.605842407331774,0.436101637890098,-0.605971863268808,-0.606148900058951,-0.606143633205017,1.41686543195564,-0.606156428152568,-0.604997105014585,-0.60615444467564,-0.606128406683051,-0.60613829145074,-0.606152959417586,-0.605963590920711,1.64233767135544,-0.606133084346224,2.04753962099501,0.416336029350522,1.76333454179272
"Klf5",1.63546743750424,-0.470936829217434,-0.972403843261473,-0.342084195414623,-0.885517833260646,-1.18155292018274,1.56009235903935,0.214133609206841,2.19686301740525,-1.08320731645809,0.945089425686167,1.33198869064632,1.87014752569302,-1.14060803839996,1.264304791977,-0.643375495158453,-1.11916365644449,-0.0467119355620755,-0.986800929947472,0.0916632674208584,0.893748143913617,0.685635112381477,-0.857719305606883,-0.495753284829982,-1.12339957556556,1.77865239439189,-0.967725499537175,1.21905862955379,-1.04234576553406,-0.811649569030831,-0.0429577351369491,-1.01994378040676,1.53204298476635,-0.365583483560472,-0.735514179829228,1.30018369367416,-0.306784107979569,1.03291616623706,-0.918019951031716,1.98955289953109,-0.865071996403295,-0.922757211871422,0.30169252092777,0.466695879565275,-0.894124507981324,1.4778206584976,1.65498905747893,-0.225215359348388,-0.990348350309274,-0.411870340303623,-0.736626655869928,0.0662366651469476,-1.15010575004508,1.05905341555309,-0.855795533255967,0.640736756391476,-0.129425778728381,-1.09633816271231,-0.569661408837414,-0.532410837720501,-0.722683118795554,-0.553686548224907,-0.288142335178869,0.607158877153942,-0.3613785649432,1.79994191358154,-0.80103469851967,-1.21848897434339,-0.529649790781177,-0.400744852173545,-0.53454526446649,-0.490839071849153,-0.587261390187775,-0.857624536718846,-1.0624626896417,-0.778841247562456,-0.68348128931899,1.11138313439533,1.29493857727167,1.53431804029549,-0.888227003295179,1.39113073146836,-0.518436454033285,1.62019329095817,-0.993546236618888,-0.789194960605148,-0.262865426039252,1.56074667280236,-0.643246194310503,0.290108493733203,-0.677216825967207,-0.593421604138819,-0.622994999870427,-0.73000878400785,-0.165914877614183,1.6542290318526,0.150211581734928,0.749914997127137,1.38543222250616,1.33697619647957
"Cebpa",1.404757958023,-0.598363329058148,-0.603853606630384,-0.603943696155892,-0.602029991556135,-0.604064316516804,2.65767820091229,-0.600640679439668,2.72937702203137,-0.589892170987519,-0.60166267786976,1.44421900119374,1.85234523281015,-0.301361841961838,2.07637051268262,-0.572037387956607,-0.603989367857676,-0.59549914896849,-0.598902469831403,-0.603601453968307,1.42742578493055,-0.59299115512699,-0.570363841065429,-0.604222441347844,-0.493056736301294,1.50581509461605,-0.587776020196035,1.94457846187115,-0.596064919024396,-0.604433772357465,-0.603476533394719,-0.570255752618172,1.63980560446755,-0.603824904510424,-0.604194666106901,2.06475764433213,-0.603231224971552,0.213240024945,-0.603889239961725,1.60120823166926,-0.604284364472714,-0.604154261301545,-0.604430391091674,-0.604300347282629,-0.598147630748421,0.939559808752942,1.73864298547283,-0.598076922813733,-0.600175904826153,-0.604106259195674,-0.604054516605158,-0.595741044983441,-0.576024501907416,1.0129680746363,-0.603690286895504,-0.451015757902947,-0.591732428306166,-0.588844255365853,-0.604315790669928,-0.603236142046768,-0.600193230161634,-0.565539511746807,-0.383706038834421,1.68305177435256,-0.603476991870243,1.92210085121473,-0.600599851594351,-0.601323859507027,-0.603563622666892,-0.604381906807868,-0.604315074850041,-0.604078469566273,-0.598461873623815,-0.601626254953229,-0.604414024634139,-0.603188292084742,-0.599217086006203,1.41917680518103,1.39395115905769,1.41491262087328,-0.603933842028479,1.55445905818423,-0.580982164252716,0.276304276261341,-0.600153849696669,-0.604312119290768,-0.603574580786199,1.69243790237817,-0.603456051410994,-0.533557743273773,-0.603633228989083,-0.598439074930495,-0.588147479902457,-0.599828010224774,-0.596508256021482,1.26350274080583,-0.604417157279981,2.02024311498933,0.0899785433961164,1.27011530911163
"Smad2",-0.253606044166344,0.399340322282658,0.657201262283632,-1.03905134900035,-1.32091954693269,-1.45246734465002,-1.70722928129663,1.11384318147573,-2.04522770604102,-0.36511427935063,0.95326805528634,-0.843109223657733,-0.635084483443114,1.04328549208109,-1.24580421957475,-0.329677220266846,-0.0297119224034792,0.87406684593597,0.506439973077959,-0.190390242006615,1.84008166230147,1.2326408574504,-0.00172623242467224,0.316445493841607,0.00831125199142144,-1.59949880542445,0.169384403228545,0.801216941503803,-0.743229730307622,-1.94063414693064,-0.322044947633811,1.41401217791445,0.0865871807166518,0.642448533246348,0.59772382592547,-0.319820871217224,-1.28145748212212,-1.33309651121294,-1.87864176072821,-0.134025500806096,-1.3987139798012,-1.67200407999269,-0.14432027168285,0.60512061641814,0.430617054007714,0.648636820666568,-1.64841959202993,0.29159835502495,0.89694946543293,-0.709318946716924,-1.24210362548454,-0.825812490599817,0.905829195780436,0.948170183969271,0.429805365104226,1.09297716097732,-1.0501101393559,-0.455673393903134,0.107659423296637,0.737436396304942,0.528747149837468,-0.459674382901015,0.370696287272118,1.11159344270253,-1.5841379155908,-1.84144216653178,0.16103753659238,0.752018182353552,-1.91992480115083,0.962175663405664,-1.8565882098833,1.1104512255825,-0.0517132393769868,0.534631805883017,-0.308524655049098,0.699147073428045,-0.00457028465648943,1.61368707489195,1.03789268085513,0.783087464125158,1.58419106966963,0.940329523780815,0.232692839085917,0.153445179818573,1.171970375004,2.0131502948622,0.450492914240251,1.28675563260672,0.538213643742783,0.245368629532516,1.03126304827092,-0.137664094396579,-0.401660839235635,0.773599326203511,-0.799751467512061,0.177645252789212,-1.50420417837759,-0.134961408398748,0.266950517589636,0.880531682573038
"Cdh2",-0.851791610562459,0.00272521830416116,1.58977993296229,-0.0654101649345055,-0.905952388770111,-0.908849906396043,-0.90837681942784,0.177141353560335,-0.908857593305452,0.192432732268318,1.42902253439822,-0.87674628897141,-0.908804108821738,-0.830937336586968,-0.908246886703238,-0.900060397239556,-0.108060069878935,1.42035668187371,0.752775774686098,0.719073164652106,-0.0240829784941358,1.47240536366885,0.976096140848274,1.56105549610797,-0.906571332300802,-0.908896947272331,1.65262711686361,-0.901378832294059,0.927799643806956,-0.908902798911867,-0.236600074578377,1.53322803938618,-0.356395929954706,1.61468992069246,1.01375642521069,-0.908824399048062,-0.88581696161495,-0.908862884630431,-0.908630873224453,-0.837892001682772,-0.908800412711338,-0.906347140150716,0.815495751654887,0.930620018180812,0.280660720298389,-0.621465362042292,-0.908732566984892,-0.895257310220688,-0.495689463767938,-0.857057425308293,-0.908833272885058,-0.908883606081687,-0.602050304794929,-0.705271138630652,1.56062066053291,1.30251331282731,-0.908838901237681,-0.908516879216066,-0.908327872583668,1.59644424913733,-0.886967068492052,-0.499530024954859,-0.88701465000516,-0.373997364158372,-0.908855638252526,-0.90770812932013,-0.875526238504719,2.12210325246387,-0.859665494248527,-0.554725167054506,-0.897939381164205,2.14980272196683,-0.908899306651386,1.64476063119311,-0.905925902123529,0.600671293953616,-0.535751542342545,0.853967627597008,0.742030422652723,1.35413190069655,1.04569713169472,-0.232677202214882,0.455802258473372,0.588043215546089,0.911923980691546,-0.370604862003772,1.78181874770551,2.03459762107418,1.03216152852453,-0.908380347994727,1.19262780279061,0.255006787659674,-0.908628043080812,1.18888711133716,-0.908722085564895,0.747142246608625,-0.908568442251033,-0.740656302832064,0.688923022123432,-0.711655121239221
"Cdh11",-0.921841927411831,-0.362593137450032,2.47615405954662,-0.457138005940744,-0.906404777267684,-0.920836823141072,-0.895941462125078,0.903107758019324,-0.929083294879412,1.16437148231002,1.74573525647015,-0.380353186926239,-0.927989067003828,-0.887655971053184,-0.854818413374744,-0.814360397510824,0.124416643865865,-0.279193140094511,1.15245691294835,0.08408284478408,1.39121715350111,1.32288744443012,0.135667891691922,0.719540688577936,-0.925621744610248,-0.927793078579677,-0.215105229204516,-0.493871122016447,-0.0497488219546049,-0.928656080356381,0.118846755416425,1.32959838984401,-0.789481606545584,1.24218169242584,0.597225796167822,-0.918219154930398,-0.911011795943941,-0.928869916167294,-0.928841908914884,-0.90839031511385,-0.926052874003713,-0.654415411998576,0.163141381871101,1.61477028268482,1.6830133591576,-0.0175490314028165,-0.928052612779554,-0.872254207159562,0.279463090974769,-0.482419736119838,-0.925270930232841,-0.899512032468727,-0.903777203061795,0.871285244635685,0.126239910743645,1.55486325252309,-0.855054271038071,-0.919235160373006,-0.328761870383559,2.14399312326384,0.59352072043906,0.880711137449927,-0.749599846186439,-0.802836970819052,-0.906948146386584,-0.928503384240012,-0.55113521211064,-0.686291020558034,-0.928963400777355,-0.303216420399964,-0.917617542849231,0.431002661998682,-0.922691773256058,1.0354274110565,-0.920941143631052,1.00537693170373,-0.794862975786131,-0.499600092282792,0.726491377057239,1.07303737802485,1.77458622507636,-0.720511128731929,1.423006244803,0.581775120865811,1.31167098959378,0.705773783254359,0.986590650057422,1.54878853982408,2.0677092519074,-0.903550296010753,-0.333560020036576,2.23309148658681,-0.927473173225994,1.81511873009119,-0.927356735561145,-0.848155821951359,-0.923032262765248,-0.814780538262633,0.189451894307134,0.160412675416578
"Krt5",2.27868853253,-0.390477737482386,-0.39047918976783,-0.390469382268708,-0.390445053566669,-0.390385316609024,3.44639353181022,-0.390449823126658,2.17901374805104,-0.390479294893323,-0.39047900331841,0.424048648390753,2.09257361537757,-0.390367603930458,2.53058728642661,-0.390474086713103,-0.390479304078026,-0.39047931704254,-0.390479145207102,-0.390454133881512,-0.284721328014574,-0.390473270775802,-0.390479249962624,-0.390478796982553,-0.390476964296365,2.77337270098636,-0.390479117449144,-0.352227167656706,-0.390479133427773,-0.389671077737563,-0.390479291084969,-0.390479317426865,-0.338312165720164,-0.390478992087899,-0.389521100072917,2.25020679508124,-0.390465914662851,2.68294163668074,-0.390469615574602,0.924760437223877,-0.39047502093563,-0.390433713249214,-0.390479270124972,-0.390478676252396,-0.390479210758807,-0.159636534388209,3.88470471005179,-0.390380661575425,-0.390479295966616,-0.390478524519255,-0.390470850787466,-0.384298218590372,-0.390442679549108,-0.387775146647716,-0.390478990127656,-0.390472852016998,-0.390479286864213,-0.389972707964817,-0.390475743036512,-0.390479313404743,-0.390479202829964,-0.390468895118541,-0.390465704654283,1.42327422624604,-0.390455650142899,3.30398693485613,-0.390478857523398,-0.390479028481511,-0.390468164917948,-0.390471443627754,-0.390479240780046,-0.390478846780168,-0.387093662028228,-0.390479314181146,-0.390391366656382,-0.3904790813063,-0.390476988333957,-0.372494062242838,-0.361421227149622,-0.290652648244286,-0.390470436162658,-0.178792068089275,-0.390477906496817,-0.389190128806804,-0.390479256190256,-0.390381040922829,-0.390455827918588,-0.385015524666798,-0.390475986972205,-0.390434536335661,-0.390478924146268,-0.390479317333363,-0.390476584791363,-0.390479297589739,-0.390475187013088,-0.291428203801723,-0.387245507171932,2.23015928696519,-0.389441765882308,-0.145063613807378
"Col3a1",-0.810100884852803,-0.805318560026421,0.142721010163981,-0.582555636223377,-0.840924125756977,-0.841211996847435,-0.840917463806588,1.39059094201752,-0.84126298839526,0.987327074133151,1.218668512259,-0.803344222339328,-0.841083630791323,-0.316102780708261,-0.841178605002863,-0.836835550817875,0.854198728088126,2.62035710640755,2.41483445826002,-0.426271086875063,0.117948953012016,1.07458396405353,0.866021878658919,-0.14321415064611,-0.840806718389843,-0.841270931756545,1.95175859729517,-0.19079916196192,-0.0731218903870871,-0.841248782351099,-0.220144867163616,1.09202784128699,-0.785649822465056,1.01683605904088,-0.233773165509216,-0.839956552731955,-0.608686350336895,-0.841038795458571,-0.840905538576448,-0.605919507034449,-0.84122453516861,-0.840864668990193,0.537078871382206,0.972047187836593,0.430699188553521,-0.156441148677325,-0.840337794849671,-0.841230163086651,-0.3043022577392,-0.111044049621053,-0.840942875316482,-0.838352808983614,-0.237172659232367,0.831410871638602,0.942569194503267,0.677111546050184,-0.838545410321844,-0.841096790073821,-0.835977523532148,1.25496259757542,-0.767672847089135,-0.588576669194899,-0.838924532793713,-0.650870697578406,-0.841136634680245,-0.841137310617514,-0.838323586007656,-0.123852236298784,-0.841246218919198,0.758019039782477,-0.813232483970656,2.84934379218231,-0.837885164606497,0.0414524529538393,-0.8409858443766,2.06350555006153,-0.792317962586063,0.62532416869501,-0.530236201912667,-0.292701223468513,0.412213813609445,-0.339410174102714,1.90371189653752,1.77888879021149,0.782345766581569,-0.0880220651676815,1.91805415327532,1.87048198321347,1.21010062571159,-0.830703606975546,1.07060852356751,0.376106336387208,-0.841253250439819,1.81596445309234,-0.840699844901799,-0.794893944432778,-0.84123876511657,-0.836155803094842,1.33372970202596,-0.45095210896756
"Vim",-0.913553364932368,1.34058255751012,1.20865008189384,1.30335032034192,-1.14390854963541,-1.14431273833271,-0.774405426547219,1.33884258612277,-1.14276692634632,0.458507807246601,1.92084836744935,-0.692332136240883,-1.13993040240869,0.239695810139802,-1.09185467913672,-0.984172180483936,0.784212634479365,0.832154276173988,0.504736800714704,-0.332657639464436,-0.470585141777199,1.75811338426839,0.501859602958121,0.510914206023064,-0.704918683370331,-1.08017959026476,0.250390664327609,-0.132596273220988,-0.187628148952307,-1.15731199824002,0.0485617413322686,1.75199736555961,0.167851825911016,0.689440850066488,1.43403740337851,-1.14881627916296,-1.11309697688281,-1.14328776830848,-0.946753174690161,-0.812802718001915,-1.11271162277848,0.41123414600105,0.840355792620144,0.905420009245618,-0.285070062565014,0.405264333774318,-1.15103155192563,-0.552708134929651,2.44026859011442,0.682961582509439,-1.09428669781382,-1.09070125290128,-0.0214441134480634,0.464115489791035,1.61601089617463,0.204055830296284,-0.756848654681228,-1.14465158235622,-1.07591185040646,0.898020634196943,0.710464625722028,0.240021993587618,-0.879581012460539,0.212950243717353,-1.08498582377445,-1.12463001050989,0.579977060648061,-0.571573634708351,-1.14540511780478,1.0028222825923,0.223349031497077,1.32004808620085,-1.0251724349667,1.46149544635828,-0.74431518732429,1.39875772534892,-0.970424525057253,-0.713631604214405,-0.796417564698813,1.86889575294699,1.05046433522274,-1.0224826836344,1.19185671490621,-0.0162097803747458,1.00584693077717,0.265452439908325,1.33942993523919,0.0292165288649675,1.38373196277195,-0.872666860789905,1.1143838110845,-1.0041342632479,-0.613960110637212,1.29735683469797,-1.12180119452102,-1.11367754396408,-1.12761233882863,-1.00298928925867,0.614791898473456,-0.728861930204881
"Cdh1",1.37742636029597,-0.371935553107994,-0.371935581530508,-0.371935453902084,-0.371414929377715,-0.37192973756675,3.01513760219893,-0.371935321095481,3.88616856548399,-0.371935586883443,-0.371935587271408,0.386823132791079,0.401085570655997,-0.371935292481779,2.42514865282347,-0.371562477839157,-0.371916418514134,-0.371935480895484,-0.371935586161321,-0.371935575741597,0.880332362864864,-0.371827474348483,-0.371935587291536,-0.371934468806711,-0.371932089229018,4.41003161428069,-0.371934087387294,-0.337459189110303,-0.371934208950737,-0.371915527614393,-0.371931098376141,-0.371935587168709,-0.302897074705856,-0.371935587236898,-0.371935474579806,3.25688843404015,-0.371893279344021,0.583694129964139,-0.371900393621082,0.538584689393805,0.12790720056522,-0.371935029152432,-0.371935206550682,-0.37193522529305,-0.371935587217943,-0.369059502224057,4.46757762726051,-0.371918702925082,-0.371935576159164,-0.371934847651815,-0.371922212407106,-0.371640270098108,-0.371791562007741,0.612249233949462,-0.371935559463418,-0.371928721143675,-0.371883102448919,-0.371756292942082,-0.371919842122421,-0.371935513022623,-0.371932655432468,-0.371933477821949,-0.37189555131751,0.136723075062176,-0.371726536726021,1.75831348027232,-0.371935472505829,-0.371935573036314,-0.371932759163268,-0.368951525359086,-0.371934766688837,-0.371931767198045,-0.371863534132645,-0.3719355869965,-0.371915775973343,-0.371935563707758,-0.371933926097947,-0.167654221018038,-0.274603678547115,-0.371131494272256,-0.371935587281342,-0.239593197171231,-0.371935309603549,-0.371416112480301,-0.371935583510562,-0.37193558699949,-0.37193558499868,-0.371556661066541,-0.371932575855392,-0.371917689953949,-0.371935567923832,-0.371935352531933,-0.369451952431352,-0.371935585008983,-0.371932326922258,0.0123892321943296,-0.369455409455161,0.444761702398831,-0.371932660756309,0.85329640642001
"Epcam",0.454643871291072,-0.368418420935608,-0.368435835592528,-0.36843558178738,-0.352418532470106,-0.36768945099877,3.01660957583466,-0.368435093505042,2.6518160805226,-0.368434729419248,-0.368436000517117,-0.123906499803108,4.1398736341559,-0.367785349895506,3.21969847487126,-0.312995578075787,-0.368352994317723,-0.354063942115673,-0.368433264176129,-0.368433426614942,-0.333849686902045,-0.368431053057891,-0.36841132020103,-0.368432993465033,-0.367974763331189,2.92368339096007,-0.368434437104453,0.0413598466773714,-0.368428254872538,-0.363960392147505,-0.368361285427451,-0.368436000671078,-0.232789822366645,-0.368435978906947,-0.368434948656038,1.10756515641763,-0.367859423324944,2.66429585732569,-0.368081712295712,1.26360138933004,-0.368234956840708,-0.367893718368236,-0.368425798415678,-0.36631220503836,-0.368433356839547,-0.249526635703528,0.869137481802736,-0.368325865048515,-0.368435761081276,-0.368388421087147,-0.366199435033381,-0.35775942039815,-0.359234075771849,1.73180578582403,-0.3684323072802,-0.367148317007211,-0.36822198870193,-0.356276875542232,-0.368410013024379,-0.368435997022777,-0.368079855334025,-0.368435898733052,-0.367812267180306,-0.280496428893208,-0.341955148044324,4.23438471897572,-0.368423954045336,-0.368415586070432,-0.368323761179393,-0.368434757199799,-0.368434751929377,-0.368436003580699,-0.349832398749761,-0.368433963446766,-0.368265393120142,-0.368430711636129,-0.368422111633118,-0.196185416501887,-0.367606772164612,-0.366915361804555,-0.368436002783174,-0.355316118480936,-0.368435861952252,-0.368432775167218,-0.368435996535727,-0.368434165640046,-0.368435992478316,-0.367808493391884,-0.368435839212155,-0.367157857131094,-0.368436005027199,-0.368435513293118,-0.364713097446398,-0.368435957165819,-0.363147020259311,2.02509427209552,-0.312255073563165,-0.0956081086988548,-0.368429249252873,-0.354347946197572
"Esrp1",2.13411329944591,-0.502468873011983,-0.527615697700777,-0.447176583527238,-0.515710706982572,-0.381225720013168,1.92088821862926,-0.428238275550327,2.86648679377337,-0.530303902725726,-0.530765479920206,-0.41461952457594,0.737988019578189,-0.519482443700306,1.95661663170461,0.310936414869989,-0.51730500281769,-0.531152046657689,-0.530424362652694,-0.524211175640918,-0.467484258356285,-0.531128727220303,-0.521357807759957,-0.520052288975947,-0.518584398453504,3.21277236578095,-0.531509724631683,1.0737307727724,-0.527480699814324,-0.361437001433898,-0.5292871398666,-0.52913263614708,1.28893917215686,-0.500832368267724,-0.526391718960528,3.25155951675886,-0.50849166400645,2.14230478891028,-0.32822142698285,2.6860945153333,-0.107242053975809,-0.52315777588533,-0.0417476281325863,-0.504680692412315,-0.530028271344145,0.21941810610222,3.3261257895224,-0.349245805837849,-0.531510605099252,-0.522923220614843,-0.469990326046136,-0.374930701300146,-0.523798495180674,-0.0665107667753597,-0.531423157808511,-0.521712878234748,-0.299052246216876,-0.515434386639801,-0.52834939365331,-0.528922618174541,-0.488582443609887,-0.514921209176451,0.218471883476128,-0.357507212666675,-0.440591488661884,2.52878832270528,-0.492979071965515,-0.530475417523796,-0.166534960599996,-0.531101135026607,0.943238909553346,-0.53138958966015,-0.530892190723432,-0.53142645782088,-0.522379932674658,-0.530782757281546,-0.505821762012818,-0.0767959007724254,0.809857363423561,-0.181964538037582,-0.52843396211262,1.59514750754097,-0.525011754268286,-0.500770459229067,-0.531500951562369,-0.53150837017577,-0.483825355559862,0.298871392806475,-0.529406173880585,-0.526951094998489,-0.526493724411288,-0.498871620681259,-0.254423889612662,-0.514082286082214,-0.529952004286657,1.59907659999356,-0.518454315932095,0.770197041226202,-0.418014954620438,-0.267023760749537
